Date,Afghanistan,Algeria,Argentina,Armenia,Australia,Austria,Bahrain,Bangladesh,Belarus,Belgium,Bolivia,Brazil,Canada,Chile,China,Colombia,Czechia,Denmark,Dominican Republic,Ecuador,Egypt,Finland,France,Germany,Ghana,India,Indonesia,Iran,Ireland,Israel,Italy,Japan,Kazakhstan,Kuwait,Malaysia,Mexico,Moldova,Morocco,Netherlands,Nigeria,Norway,Oman,Pakistan,Panama,Peru,Philippines,Poland,Portugal,Qatar,Romania,Russia,Saudi Arabia,Serbia,Singapore,South Africa,South Korea,Spain,Sweden,Switzerland,Turkey,US,Ukraine,United Arab Emirates,United Kingdom
2020-01-22,0.0,0.0,0.0,0.0,0.0,0.0,0.0,0.0,0.0,0.0,0.0,0.0,0.0,0.0,548.0,0.0,0.0,0.0,0.0,0.0,0.0,0.0,0.0,0.0,0.0,0.0,0.0,0.0,0.0,0.0,0.0,2.0,0.0,0.0,0.0,0.0,0.0,0.0,0.0,0.0,0.0,0.0,0.0,0.0,0.0,0.0,0.0,0.0,0.0,0.0,0.0,0.0,0.0,0.0,0.0,1.0,0.0,0.0,0.0,0.0,1.0,0.0,0.0,0.0
2020-01-23,0.0,0.0,0.0,0.0,0.0,0.0,0.0,0.0,0.0,0.0,0.0,0.0,0.0,0.0,95.0,0.0,0.0,0.0,0.0,0.0,0.0,0.0,0.0,0.0,0.0,0.0,0.0,0.0,0.0,0.0,0.0,0.0,0.0,0.0,0.0,0.0,0.0,0.0,0.0,0.0,0.0,0.0,0.0,0.0,0.0,0.0,0.0,0.0,0.0,0.0,0.0,0.0,0.0,1.0,0.0,0.0,0.0,0.0,0.0,0.0,0.0,0.0,0.0,0.0
2020-01-24,0.0,0.0,0.0,0.0,0.0,0.0,0.0,0.0,0.0,0.0,0.0,0.0,0.0,0.0,277.0,0.0,0.0,0.0,0.0,0.0,0.0,0.0,2.0,0.0,0.0,0.0,0.0,0.0,0.0,0.0,0.0,0.0,0.0,0.0,0.0,0.0,0.0,0.0,0.0,0.0,0.0,0.0,0.0,0.0,0.0,0.0,0.0,0.0,0.0,0.0,0.0,0.0,0.0,2.0,0.0,1.0,0.0,0.0,0.0,0.0,1.0,0.0,0.0,0.0
2020-01-25,0.0,0.0,0.0,0.0,0.0,0.0,0.0,0.0,0.0,0.0,0.0,0.0,0.0,0.0,486.0,0.0,0.0,0.0,0.0,0.0,0.0,0.0,1.0,0.0,0.0,0.0,0.0,0.0,0.0,0.0,0.0,0.0,0.0,0.0,3.0,0.0,0.0,0.0,0.0,0.0,0.0,0.0,0.0,0.0,0.0,0.0,0.0,0.0,0.0,0.0,0.0,0.0,0.0,0.0,0.0,0.0,0.0,0.0,0.0,0.0,0.0,0.0,0.0,0.0
2020-01-26,0.0,0.0,0.0,0.0,4.0,0.0,0.0,0.0,0.0,0.0,0.0,0.0,1.0,0.0,669.0,0.0,0.0,0.0,0.0,0.0,0.0,0.0,0.0,0.0,0.0,0.0,0.0,0.0,0.0,0.0,0.0,2.0,0.0,0.0,1.0,0.0,0.0,0.0,0.0,0.0,0.0,0.0,0.0,0.0,0.0,0.0,0.0,0.0,0.0,0.0,0.0,0.0,0.0,1.0,0.0,1.0,0.0,0.0,0.0,0.0,3.0,0.0,0.0,0.0
2020-01-27,0.0,0.0,0.0,0.0,1.0,0.0,0.0,0.0,0.0,0.0,0.0,0.0,0.0,0.0,802.0,0.0,0.0,0.0,0.0,0.0,0.0,0.0,0.0,1.0,0.0,0.0,0.0,0.0,0.0,0.0,0.0,0.0,0.0,0.0,0.0,0.0,0.0,0.0,0.0,0.0,0.0,0.0,0.0,0.0,0.0,0.0,0.0,0.0,0.0,0.0,0.0,0.0,0.0,1.0,0.0,1.0,0.0,0.0,0.0,0.0,0.0,0.0,0.0,0.0
2020-01-28,0.0,0.0,0.0,0.0,0.0,0.0,0.0,0.0,0.0,0.0,0.0,0.0,1.0,0.0,2632.0,0.0,0.0,0.0,0.0,0.0,0.0,0.0,1.0,3.0,0.0,0.0,0.0,0.0,0.0,0.0,0.0,3.0,0.0,0.0,0.0,0.0,0.0,0.0,0.0,0.0,0.0,0.0,0.0,0.0,0.0,0.0,0.0,0.0,0.0,0.0,0.0,0.0,0.0,2.0,0.0,0.0,0.0,0.0,0.0,0.0,0.0,0.0,0.0,0.0
2020-01-29,0.0,0.0,0.0,0.0,1.0,0.0,0.0,0.0,0.0,0.0,0.0,0.0,0.0,0.0,578.0,0.0,0.0,0.0,0.0,0.0,0.0,1.0,1.0,0.0,0.0,0.0,0.0,0.0,0.0,0.0,0.0,0.0,0.0,0.0,3.0,0.0,0.0,0.0,0.0,0.0,0.0,0.0,0.0,0.0,0.0,0.0,0.0,0.0,0.0,0.0,0.0,0.0,0.0,0.0,0.0,0.0,0.0,0.0,0.0,0.0,0.0,0.0,4.0,0.0
2020-01-30,0.0,0.0,0.0,0.0,3.0,0.0,0.0,0.0,0.0,0.0,0.0,0.0,0.0,0.0,2054.0,0.0,0.0,0.0,0.0,0.0,0.0,0.0,0.0,0.0,0.0,1.0,0.0,0.0,0.0,0.0,0.0,4.0,0.0,0.0,1.0,0.0,0.0,0.0,0.0,0.0,0.0,0.0,0.0,0.0,0.0,1.0,0.0,0.0,0.0,0.0,0.0,0.0,0.0,3.0,0.0,0.0,0.0,0.0,0.0,0.0,0.0,0.0,0.0,0.0
2020-01-31,0.0,0.0,0.0,0.0,0.0,0.0,0.0,0.0,0.0,0.0,0.0,0.0,2.0,0.0,1661.0,0.0,0.0,0.0,0.0,0.0,0.0,0.0,0.0,1.0,0.0,0.0,0.0,0.0,0.0,0.0,2.0,4.0,0.0,0.0,0.0,0.0,0.0,0.0,0.0,0.0,0.0,0.0,0.0,0.0,0.0,0.0,0.0,0.0,0.0,0.0,2.0,0.0,0.0,3.0,0.0,7.0,0.0,1.0,0.0,0.0,2.0,0.0,0.0,2.0
2020-02-01,0.0,0.0,0.0,0.0,3.0,0.0,0.0,0.0,0.0,0.0,0.0,0.0,0.0,0.0,2089.0,0.0,0.0,0.0,0.0,0.0,0.0,0.0,1.0,3.0,0.0,0.0,0.0,0.0,0.0,0.0,0.0,5.0,0.0,0.0,0.0,0.0,0.0,0.0,0.0,0.0,0.0,0.0,0.0,0.0,0.0,0.0,0.0,0.0,0.0,0.0,0.0,0.0,0.0,3.0,0.0,1.0,1.0,0.0,0.0,0.0,1.0,0.0,0.0,0.0
2020-02-02,0.0,0.0,0.0,0.0,0.0,0.0,0.0,0.0,0.0,0.0,0.0,0.0,0.0,0.0,4739.0,0.0,0.0,0.0,0.0,0.0,0.0,0.0,0.0,2.0,0.0,1.0,0.0,0.0,0.0,0.0,0.0,0.0,0.0,0.0,0.0,0.0,0.0,0.0,0.0,0.0,0.0,0.0,0.0,0.0,0.0,1.0,0.0,0.0,0.0,0.0,0.0,0.0,0.0,2.0,0.0,3.0,0.0,0.0,0.0,0.0,0.0,0.0,1.0,0.0
2020-02-03,0.0,0.0,0.0,0.0,0.0,0.0,0.0,0.0,0.0,0.0,0.0,0.0,0.0,0.0,3086.0,0.0,0.0,0.0,0.0,0.0,0.0,0.0,0.0,2.0,0.0,1.0,0.0,0.0,0.0,0.0,0.0,0.0,0.0,0.0,0.0,0.0,0.0,0.0,0.0,0.0,0.0,0.0,0.0,0.0,0.0,0.0,0.0,0.0,0.0,0.0,0.0,0.0,0.0,0.0,0.0,0.0,0.0,0.0,0.0,0.0,3.0,0.0,0.0,0.0
2020-02-04,0.0,0.0,0.0,0.0,1.0,0.0,0.0,0.0,0.0,1.0,0.0,0.0,0.0,0.0,3991.0,0.0,0.0,0.0,0.0,0.0,0.0,0.0,0.0,0.0,0.0,0.0,0.0,0.0,0.0,0.0,0.0,2.0,0.0,0.0,2.0,0.0,0.0,0.0,0.0,0.0,0.0,0.0,0.0,0.0,0.0,0.0,0.0,0.0,0.0,0.0,0.0,0.0,0.0,6.0,0.0,1.0,0.0,0.0,0.0,0.0,0.0,0.0,0.0,0.0
2020-02-05,0.0,0.0,0.0,0.0,0.0,0.0,0.0,0.0,0.0,0.0,0.0,0.0,1.0,0.0,3733.0,0.0,0.0,0.0,0.0,0.0,0.0,0.0,0.0,0.0,0.0,0.0,0.0,0.0,0.0,0.0,0.0,0.0,0.0,0.0,2.0,0.0,0.0,0.0,0.0,0.0,0.0,0.0,0.0,0.0,0.0,0.0,0.0,0.0,0.0,0.0,0.0,0.0,0.0,4.0,0.0,3.0,0.0,0.0,0.0,0.0,0.0,0.0,0.0,0.0
2020-02-06,0.0,0.0,0.0,0.0,1.0,0.0,0.0,0.0,0.0,0.0,0.0,0.0,0.0,0.0,3147.0,0.0,0.0,0.0,0.0,0.0,0.0,0.0,0.0,0.0,0.0,0.0,0.0,0.0,0.0,0.0,0.0,0.0,0.0,0.0,0.0,0.0,0.0,0.0,0.0,0.0,0.0,0.0,0.0,0.0,0.0,0.0,0.0,0.0,0.0,0.0,0.0,0.0,0.0,0.0,0.0,4.0,0.0,0.0,0.0,0.0,0.0,0.0,0.0,0.0
2020-02-07,0.0,0.0,0.0,0.0,1.0,0.0,0.0,0.0,0.0,0.0,0.0,0.0,2.0,0.0,3523.0,0.0,0.0,0.0,0.0,0.0,0.0,0.0,0.0,1.0,0.0,0.0,0.0,0.0,0.0,0.0,1.0,3.0,0.0,0.0,0.0,0.0,0.0,0.0,0.0,0.0,0.0,0.0,0.0,0.0,0.0,1.0,0.0,0.0,0.0,0.0,0.0,0.0,0.0,2.0,0.0,1.0,0.0,0.0,0.0,0.0,0.0,0.0,0.0,1.0
2020-02-08,0.0,0.0,0.0,0.0,0.0,0.0,0.0,0.0,0.0,0.0,0.0,0.0,0.0,0.0,2704.0,0.0,0.0,0.0,0.0,0.0,0.0,0.0,5.0,0.0,0.0,0.0,0.0,0.0,0.0,0.0,0.0,0.0,0.0,0.0,4.0,0.0,0.0,0.0,0.0,0.0,0.0,0.0,0.0,0.0,0.0,0.0,0.0,0.0,0.0,0.0,0.0,0.0,0.0,3.0,0.0,0.0,0.0,0.0,0.0,0.0,0.0,0.0,2.0,0.0
2020-02-09,0.0,0.0,0.0,0.0,0.0,0.0,0.0,0.0,0.0,0.0,0.0,0.0,0.0,0.0,3015.0,0.0,0.0,0.0,0.0,0.0,0.0,0.0,0.0,1.0,0.0,0.0,0.0,0.0,0.0,0.0,0.0,1.0,0.0,0.0,0.0,0.0,0.0,0.0,0.0,0.0,0.0,0.0,0.0,0.0,0.0,0.0,0.0,0.0,0.0,0.0,0.0,0.0,0.0,7.0,0.0,1.0,1.0,0.0,0.0,0.0,0.0,0.0,0.0,0.0
2020-02-10,0.0,0.0,0.0,0.0,0.0,0.0,0.0,0.0,0.0,0.0,0.0,0.0,0.0,0.0,2525.0,0.0,0.0,0.0,0.0,0.0,0.0,0.0,0.0,0.0,0.0,0.0,0.0,0.0,0.0,0.0,0.0,0.0,0.0,0.0,2.0,0.0,0.0,0.0,0.0,0.0,0.0,0.0,0.0,0.0,0.0,0.0,0.0,0.0,0.0,0.0,0.0,0.0,0.0,5.0,0.0,2.0,0.0,0.0,0.0,0.0,0.0,0.0,1.0,5.0
2020-02-11,0.0,0.0,0.0,0.0,0.0,0.0,0.0,0.0,0.0,0.0,0.0,0.0,0.0,0.0,2032.0,0.0,0.0,0.0,0.0,0.0,0.0,0.0,0.0,2.0,0.0,0.0,0.0,0.0,0.0,0.0,0.0,0.0,0.0,0.0,0.0,0.0,0.0,0.0,0.0,0.0,0.0,0.0,0.0,0.0,0.0,0.0,0.0,0.0,0.0,0.0,0.0,0.0,0.0,2.0,0.0,1.0,0.0,0.0,0.0,0.0,1.0,0.0,0.0,0.0
2020-02-12,0.0,0.0,0.0,0.0,0.0,0.0,0.0,0.0,0.0,0.0,0.0,0.0,0.0,0.0,1881.0,0.0,0.0,0.0,0.0,0.0,0.0,0.0,0.0,0.0,0.0,0.0,0.0,0.0,0.0,0.0,0.0,2.0,0.0,0.0,0.0,0.0,0.0,0.0,0.0,0.0,0.0,0.0,0.0,0.0,0.0,0.0,0.0,0.0,0.0,0.0,0.0,0.0,0.0,3.0,0.0,0.0,0.0,0.0,0.0,0.0,0.0,0.0,0.0,1.0
2020-02-13,0.0,0.0,0.0,0.0,0.0,0.0,0.0,0.0,0.0,0.0,0.0,0.0,0.0,0.0,13628.0,0.0,0.0,0.0,0.0,0.0,0.0,0.0,0.0,0.0,0.0,0.0,0.0,0.0,0.0,0.0,0.0,0.0,0.0,0.0,1.0,0.0,0.0,0.0,0.0,0.0,0.0,0.0,0.0,0.0,0.0,0.0,0.0,0.0,0.0,0.0,0.0,0.0,0.0,8.0,0.0,0.0,0.0,0.0,0.0,0.0,1.0,0.0,0.0,0.0
2020-02-14,0.0,0.0,0.0,0.0,0.0,0.0,0.0,0.0,0.0,0.0,0.0,0.0,0.0,0.0,6463.0,0.0,0.0,0.0,0.0,0.0,1.0,0.0,0.0,0.0,0.0,0.0,0.0,0.0,0.0,0.0,0.0,1.0,0.0,0.0,0.0,0.0,0.0,0.0,0.0,0.0,0.0,0.0,0.0,0.0,0.0,0.0,0.0,0.0,0.0,0.0,0.0,0.0,0.0,9.0,0.0,0.0,0.0,0.0,0.0,0.0,0.0,0.0,0.0,0.0
2020-02-15,0.0,0.0,0.0,0.0,0.0,0.0,0.0,0.0,0.0,0.0,0.0,0.0,0.0,0.0,2055.0,0.0,0.0,0.0,0.0,0.0,0.0,0.0,1.0,0.0,0.0,0.0,0.0,0.0,0.0,0.0,0.0,14.0,0.0,0.0,3.0,0.0,0.0,0.0,0.0,0.0,0.0,0.0,0.0,0.0,0.0,0.0,0.0,0.0,0.0,0.0,0.0,0.0,0.0,5.0,0.0,0.0,0.0,0.0,0.0,0.0,0.0,0.0,0.0,0.0
2020-02-16,0.0,0.0,0.0,0.0,0.0,0.0,0.0,0.0,0.0,0.0,0.0,0.0,0.0,0.0,2100.0,0.0,0.0,0.0,0.0,0.0,0.0,0.0,0.0,0.0,0.0,0.0,0.0,0.0,0.0,0.0,0.0,16.0,0.0,0.0,0.0,0.0,0.0,0.0,0.0,0.0,0.0,0.0,0.0,0.0,0.0,0.0,0.0,0.0,0.0,0.0,0.0,0.0,0.0,3.0,0.0,1.0,0.0,0.0,0.0,0.0,0.0,0.0,1.0,0.0
2020-02-17,0.0,0.0,0.0,0.0,0.0,0.0,0.0,0.0,0.0,0.0,0.0,0.0,1.0,0.0,1921.0,0.0,0.0,0.0,0.0,0.0,0.0,0.0,0.0,0.0,0.0,0.0,0.0,0.0,0.0,0.0,0.0,7.0,0.0,0.0,0.0,0.0,0.0,0.0,0.0,0.0,0.0,0.0,0.0,0.0,0.0,0.0,0.0,0.0,0.0,0.0,0.0,0.0,0.0,2.0,0.0,1.0,0.0,0.0,0.0,0.0,0.0,0.0,0.0,0.0
2020-02-18,0.0,0.0,0.0,0.0,0.0,0.0,0.0,0.0,0.0,0.0,0.0,0.0,0.0,0.0,1777.0,0.0,0.0,0.0,0.0,0.0,0.0,0.0,0.0,0.0,0.0,0.0,0.0,0.0,0.0,0.0,0.0,8.0,0.0,0.0,0.0,0.0,0.0,0.0,0.0,0.0,0.0,0.0,0.0,0.0,0.0,0.0,0.0,0.0,0.0,0.0,0.0,0.0,0.0,4.0,0.0,1.0,0.0,0.0,0.0,0.0,0.0,0.0,0.0,0.0
2020-02-19,0.0,0.0,0.0,0.0,0.0,0.0,0.0,0.0,0.0,0.0,0.0,0.0,0.0,0.0,408.0,0.0,0.0,0.0,0.0,0.0,0.0,0.0,0.0,0.0,0.0,0.0,0.0,2.0,0.0,0.0,0.0,10.0,0.0,0.0,0.0,0.0,0.0,0.0,0.0,0.0,0.0,0.0,0.0,0.0,0.0,0.0,0.0,0.0,0.0,0.0,0.0,0.0,0.0,3.0,0.0,0.0,0.0,0.0,0.0,0.0,0.0,0.0,0.0,0.0
2020-02-20,0.0,0.0,0.0,0.0,0.0,0.0,0.0,0.0,0.0,0.0,0.0,0.0,0.0,0.0,458.0,0.0,0.0,0.0,0.0,0.0,0.0,0.0,0.0,0.0,0.0,0.0,0.0,3.0,0.0,0.0,0.0,10.0,0.0,0.0,0.0,0.0,0.0,0.0,0.0,0.0,0.0,0.0,0.0,0.0,0.0,0.0,0.0,0.0,0.0,0.0,0.0,0.0,0.0,0.0,0.0,73.0,0.0,0.0,0.0,0.0,0.0,0.0,0.0,0.0
2020-02-21,0.0,0.0,0.0,0.0,0.0,0.0,0.0,0.0,0.0,0.0,0.0,0.0,1.0,0.0,473.0,0.0,0.0,0.0,0.0,0.0,0.0,0.0,0.0,0.0,0.0,0.0,0.0,13.0,0.0,1.0,17.0,11.0,0.0,0.0,0.0,0.0,0.0,0.0,0.0,0.0,0.0,0.0,0.0,0.0,0.0,0.0,0.0,0.0,0.0,0.0,0.0,0.0,0.0,1.0,0.0,100.0,0.0,0.0,0.0,0.0,2.0,0.0,0.0,0.0
2020-02-22,0.0,0.0,0.0,0.0,0.0,0.0,0.0,0.0,0.0,0.0,0.0,0.0,0.0,0.0,1451.0,0.0,0.0,0.0,0.0,0.0,0.0,0.0,0.0,0.0,0.0,0.0,0.0,10.0,0.0,0.0,42.0,17.0,0.0,0.0,0.0,0.0,0.0,0.0,0.0,0.0,0.0,0.0,0.0,0.0,0.0,0.0,0.0,0.0,0.0,0.0,0.0,0.0,0.0,0.0,0.0,229.0,0.0,0.0,0.0,0.0,0.0,0.0,4.0,0.0
2020-02-23,0.0,0.0,0.0,0.0,0.0,0.0,0.0,0.0,0.0,0.0,0.0,0.0,0.0,0.0,21.0,0.0,0.0,0.0,0.0,0.0,0.0,0.0,0.0,0.0,0.0,0.0,0.0,15.0,0.0,0.0,93.0,25.0,0.0,0.0,0.0,0.0,0.0,0.0,0.0,0.0,0.0,0.0,0.0,0.0,0.0,0.0,0.0,0.0,0.0,0.0,0.0,0.0,0.0,4.0,0.0,169.0,0.0,0.0,0.0,0.0,0.0,0.0,0.0,0.0
2020-02-24,1.0,0.0,0.0,0.0,0.0,0.0,1.0,0.0,0.0,0.0,0.0,0.0,1.0,0.0,219.0,0.0,0.0,0.0,0.0,0.0,0.0,0.0,0.0,0.0,0.0,0.0,0.0,18.0,0.0,0.0,74.0,12.0,0.0,1.0,0.0,0.0,0.0,0.0,0.0,0.0,0.0,2.0,0.0,0.0,0.0,0.0,0.0,0.0,0.0,0.0,0.0,0.0,0.0,0.0,0.0,231.0,0.0,0.0,0.0,0.0,36.0,0.0,0.0,4.0
2020-02-25,0.0,1.0,0.0,0.0,0.0,2.0,22.0,0.0,0.0,0.0,0.0,0.0,1.0,0.0,513.0,0.0,0.0,0.0,0.0,0.0,0.0,0.0,2.0,1.0,0.0,0.0,0.0,34.0,0.0,0.0,93.0,11.0,0.0,10.0,0.0,0.0,0.0,0.0,0.0,0.0,0.0,0.0,0.0,0.0,0.0,0.0,0.0,0.0,0.0,0.0,0.0,0.0,0.0,2.0,0.0,144.0,4.0,0.0,1.0,0.0,0.0,0.0,0.0,0.0
2020-02-26,0.0,0.0,0.0,0.0,0.0,0.0,10.0,0.0,0.0,0.0,0.0,1.0,0.0,0.0,412.0,0.0,0.0,0.0,0.0,0.0,0.0,1.0,4.0,10.0,0.0,0.0,0.0,44.0,0.0,1.0,131.0,19.0,0.0,15.0,0.0,0.0,0.0,0.0,0.0,0.0,1.0,2.0,2.0,0.0,0.0,0.0,0.0,0.0,0.0,1.0,0.0,0.0,0.0,2.0,0.0,284.0,7.0,1.0,0.0,0.0,6.0,0.0,0.0,0.0
2020-02-27,0.0,0.0,0.0,0.0,0.0,1.0,0.0,0.0,0.0,0.0,0.0,0.0,2.0,0.0,434.0,0.0,0.0,1.0,0.0,0.0,0.0,0.0,20.0,19.0,0.0,0.0,0.0,106.0,0.0,1.0,202.0,25.0,0.0,17.0,1.0,0.0,0.0,0.0,1.0,0.0,0.0,0.0,0.0,0.0,0.0,0.0,0.0,0.0,0.0,0.0,0.0,0.0,0.0,0.0,0.0,505.0,2.0,5.0,7.0,0.0,1.0,0.0,0.0,2.0
2020-02-28,0.0,0.0,0.0,0.0,0.0,0.0,3.0,0.0,1.0,0.0,0.0,0.0,1.0,0.0,328.0,0.0,0.0,0.0,0.0,0.0,0.0,0.0,19.0,2.0,0.0,0.0,0.0,143.0,0.0,1.0,233.0,14.0,0.0,2.0,0.0,1.0,0.0,0.0,0.0,1.0,5.0,0.0,0.0,0.0,0.0,0.0,0.0,0.0,0.0,2.0,0.0,0.0,0.0,0.0,0.0,571.0,17.0,0.0,0.0,0.0,2.0,0.0,6.0,5.0
2020-02-29,0.0,0.0,0.0,0.0,10.0,6.0,5.0,0.0,0.0,0.0,0.0,1.0,6.0,0.0,428.0,0.0,0.0,2.0,0.0,0.0,0.0,1.0,43.0,31.0,0.0,0.0,0.0,205.0,1.0,3.0,240.0,13.0,0.0,0.0,2.0,3.0,0.0,0.0,5.0,0.0,9.0,2.0,2.0,0.0,0.0,0.0,0.0,0.0,1.0,0.0,0.0,0.0,0.0,9.0,0.0,813.0,13.0,5.0,10.0,0.0,8.0,0.0,2.0,3.0
2020-03-01,0.0,0.0,0.0,1.0,2.0,5.0,6.0,0.0,0.0,1.0,0.0,0.0,4.0,0.0,576.0,0.0,3.0,1.0,1.0,6.0,1.0,3.0,30.0,51.0,0.0,0.0,0.0,385.0,0.0,3.0,566.0,15.0,0.0,0.0,4.0,1.0,0.0,0.0,4.0,0.0,4.0,0.0,0.0,0.0,0.0,0.0,0.0,0.0,2.0,0.0,0.0,0.0,0.0,4.0,0.0,586.0,39.0,2.0,9.0,0.0,6.0,0.0,0.0,13.0
2020-03-02,0.0,2.0,0.0,0.0,3.0,4.0,2.0,0.0,0.0,6.0,0.0,0.0,3.0,0.0,204.0,0.0,0.0,0.0,0.0,0.0,0.0,0.0,61.0,29.0,0.0,2.0,2.0,523.0,0.0,0.0,342.0,18.0,0.0,11.0,0.0,0.0,0.0,1.0,8.0,0.0,6.0,0.0,0.0,0.0,0.0,0.0,0.0,2.0,0.0,0.0,1.0,1.0,0.0,2.0,0.0,599.0,36.0,1.0,15.0,0.0,24.0,0.0,0.0,4.0
2020-03-03,0.0,2.0,1.0,0.0,9.0,3.0,0.0,0.0,0.0,5.0,0.0,0.0,3.0,1.0,125.0,0.0,2.0,2.0,0.0,1.0,0.0,0.0,13.0,37.0,0.0,0.0,0.0,835.0,1.0,2.0,466.0,19.0,0.0,0.0,7.0,0.0,0.0,0.0,6.0,0.0,7.0,6.0,1.0,0.0,0.0,0.0,0.0,0.0,4.0,0.0,0.0,0.0,0.0,2.0,0.0,851.0,45.0,6.0,14.0,0.0,20.0,1.0,6.0,11.0
2020-03-04,0.0,7.0,0.0,0.0,13.0,8.0,3.0,0.0,5.0,10.0,0.0,2.0,3.0,0.0,125.0,0.0,3.0,5.0,0.0,3.0,0.0,0.0,84.0,66.0,0.0,23.0,0.0,586.0,4.0,3.0,587.0,38.0,0.0,0.0,14.0,0.0,0.0,0.0,14.0,0.0,24.0,3.0,0.0,0.0,0.0,0.0,1.0,3.0,1.0,1.0,0.0,0.0,0.0,0.0,0.0,435.0,57.0,14.0,34.0,0.0,31.0,0.0,0.0,35.0
2020-03-05,0.0,0.0,0.0,0.0,3.0,12.0,3.0,0.0,0.0,27.0,0.0,0.0,4.0,3.0,151.0,0.0,4.0,0.0,0.0,3.0,1.0,6.0,92.0,220.0,0.0,2.0,0.0,591.0,0.0,5.0,769.0,29.0,0.0,2.0,0.0,0.0,0.0,1.0,44.0,0.0,31.0,1.0,0.0,0.0,0.0,0.0,0.0,3.0,0.0,2.0,1.0,4.0,0.0,7.0,1.0,467.0,37.0,59.0,24.0,0.0,70.0,0.0,2.0,30.0
2020-03-06,0.0,5.0,1.0,0.0,5.0,14.0,5.0,0.0,0.0,59.0,0.0,9.0,12.0,0.0,153.0,1.0,6.0,13.0,1.0,0.0,12.0,3.0,276.0,188.0,0.0,1.0,2.0,1234.0,12.0,17.0,778.0,60.0,0.0,0.0,33.0,1.0,0.0,0.0,46.0,0.0,21.0,0.0,1.0,0.0,1.0,2.0,4.0,5.0,0.0,3.0,9.0,0.0,1.0,13.0,0.0,505.0,141.0,7.0,100.0,0.0,48.0,0.0,0.0,48.0
2020-03-07,0.0,0.0,6.0,0.0,3.0,24.0,25.0,0.0,0.0,60.0,0.0,0.0,5.0,0.0,80.0,0.0,1.0,0.0,0.0,0.0,0.0,0.0,303.0,129.0,0.0,3.0,0.0,1076.0,0.0,6.0,1247.0,41.0,0.0,3.0,10.0,0.0,0.0,0.0,60.0,0.0,39.0,0.0,0.0,0.0,0.0,1.0,0.0,7.0,0.0,0.0,0.0,0.0,0.0,8.0,0.0,448.0,100.0,60.0,54.0,0.0,136.0,0.0,16.0,43.0
2020-03-08,3.0,2.0,4.0,0.0,13.0,25.0,0.0,3.0,0.0,31.0,0.0,7.0,10.0,4.0,53.0,0.0,12.0,13.0,3.0,1.0,34.0,8.0,177.0,241.0,0.0,5.0,2.0,743.0,1.0,18.0,1492.0,41.0,0.0,3.0,6.0,1.0,1.0,0.0,77.0,0.0,29.0,0.0,0.0,0.0,5.0,4.0,6.0,10.0,7.0,6.0,4.0,6.0,0.0,12.0,2.0,273.0,173.0,42.0,69.0,0.0,116.0,0.0,0.0,67.0
2020-03-09,0.0,1.0,0.0,0.0,15.0,27.0,10.0,0.0,0.0,39.0,0.0,5.0,13.0,0.0,37.0,0.0,0.0,55.0,0.0,1.0,6.0,7.0,83.0,136.0,0.0,4.0,13.0,595.0,2.0,0.0,1797.0,9.0,0.0,0.0,18.0,0.0,0.0,0.0,56.0,1.0,29.0,0.0,0.0,0.0,1.0,10.0,5.0,0.0,3.0,0.0,0.0,4.0,0.0,0.0,0.0,164.0,400.0,45.0,37.0,0.0,69.0,0.0,0.0,48.0
2020-03-10,1.0,0.0,5.0,0.0,16.0,51.0,15.0,0.0,3.0,28.0,0.0,6.0,2.0,5.0,27.0,2.0,10.0,172.0,0.0,0.0,4.0,10.0,575.0,281.0,0.0,13.0,8.0,881.0,13.0,14.0,977.0,70.0,0.0,5.0,12.0,0.0,2.0,1.0,61.0,0.0,195.0,2.0,10.0,1.0,4.0,13.0,6.0,11.0,6.0,10.0,3.0,5.0,4.0,10.0,4.0,35.0,622.0,107.0,117.0,0.0,374.0,0.0,29.0,62.0
2020-03-11,2.0,0.0,2.0,0.0,21.0,64.0,85.0,0.0,0.0,47.0,2.0,7.0,29.0,10.0,34.0,6.0,50.0,180.0,0.0,2.0,1.0,19.0,499.0,451.0,0.0,6.0,7.0,958.0,9.0,4.0,2313.0,58.0,0.0,3.0,20.0,1.0,0.0,2.0,121.0,0.0,198.0,0.0,3.0,7.0,0.0,16.0,9.0,18.0,238.0,20.0,0.0,1.0,7.0,18.0,6.0,242.0,582.0,145.0,161.0,1.0,323.0,0.0,0.0,75.0
2020-03-12,0.0,4.0,0.0,3.0,0.0,56.0,0.0,0.0,3.0,0.0,0.0,14.0,9.0,0.0,11.0,0.0,3.0,173.0,0.0,0.0,7.0,0.0,0.0,170.0,0.0,11.0,0.0,1075.0,0.0,21.0,2651.0,0.0,0.0,8.0,0.0,4.0,0.0,1.0,0.0,0.0,104.0,0.0,1.0,3.0,4.0,3.0,18.0,0.0,0.0,4.0,8.0,24.0,7.0,0.0,4.0,114.0,0.0,99.0,0.0,0.0,382.0,0.0,11.0,0.0
2020-03-13,0.0,2.0,12.0,4.0,72.0,202.0,0.0,0.0,15.0,245.0,1.0,99.0,76.0,20.0,13.0,4.0,47.0,187.0,0.0,0.0,13.0,96.0,1388.0,1597.0,0.0,9.0,35.0,1289.0,47.0,26.0,2547.0,62.0,4.0,0.0,48.0,14.0,3.0,1.0,303.0,0.0,294.0,1.0,8.0,16.0,13.0,12.0,19.0,53.0,58.0,40.0,17.0,41.0,16.0,22.0,7.0,110.0,2955.0,215.0,487.0,4.0,514.0,2.0,0.0,343.0
2020-03-14,4.0,11.0,3.0,10.0,50.0,151.0,15.0,0.0,0.0,130.0,7.0,0.0,5.0,18.0,32.0,9.0,48.0,32.0,6.0,11.0,29.0,70.0,815.0,910.0,3.0,20.0,27.0,1365.0,39.0,29.0,3497.0,72.0,2.0,24.0,41.0,15.0,6.0,10.0,156.0,0.0,94.0,0.0,3.0,9.0,10.0,47.0,35.0,57.0,17.0,34.0,14.0,17.0,11.0,12.0,14.0,107.0,1159.0,147.0,220.0,0.0,548.0,0.0,0.0,342.0
2020-03-15,5.0,11.0,11.0,8.0,47.0,205.0,4.0,2.0,0.0,197.0,0.0,11.0,54.0,13.0,26.0,12.0,64.0,39.0,0.0,0.0,1.0,19.0,36.0,1210.0,3.0,11.0,21.0,1209.0,0.0,58.0,3590.0,66.0,3.0,8.0,190.0,12.0,11.0,11.0,176.0,0.0,131.0,3.0,22.0,7.0,5.0,29.0,16.0,76.0,64.0,8.0,4.0,0.0,2.0,14.0,13.0,76.0,1407.0,61.0,841.0,1.0,807.0,0.0,13.0,1.0
2020-03-16,5.0,6.0,11.0,26.0,80.0,158.0,0.0,3.0,9.0,172.0,1.0,38.0,163.0,81.0,30.0,20.0,45.0,58.0,0.0,9.0,40.0,33.0,2151.0,1477.0,0.0,6.0,17.0,1053.0,40.0,5.0,3233.0,0.0,1.0,11.0,138.0,29.0,0.0,1.0,278.0,0.0,112.0,0.0,83.0,12.0,43.0,2.0,58.0,86.0,38.0,27.0,27.0,15.0,7.0,17.0,11.0,74.0,2144.0,81.0,0.0,12.0,1125.0,4.0,0.0,406.0
2020-03-17,1.0,6.0,12.0,26.0,75.0,314.0,14.0,2.0,0.0,185.0,0.0,121.0,63.0,46.0,25.0,11.0,98.0,92.0,10.0,21.0,46.0,44.0,1032.0,1985.0,1.0,23.0,38.0,1178.0,54.0,32.0,3526.0,39.0,23.0,7.0,107.0,11.0,7.0,9.0,295.0,1.0,130.0,2.0,100.0,14.0,31.0,45.0,61.0,117.0,0.0,26.0,24.0,53.0,10.0,23.0,0.0,84.0,1806.0,87.0,500.0,29.0,1776.0,7.0,0.0,409.0
2020-03-18,0.0,14.0,11.0,6.0,116.0,314.0,28.0,4.0,15.0,243.0,1.0,51.0,179.0,37.0,44.0,28.0,68.0,91.0,0.0,53.0,0.0,15.0,1409.0,3070.0,0.0,14.0,55.0,1192.0,69.0,54.0,4207.0,11.0,2.0,12.0,117.0,25.0,0.0,11.0,347.0,5.0,87.0,15.0,63.0,17.0,28.0,15.0,13.0,0.0,13.0,76.0,33.0,0.0,18.0,47.0,54.0,93.0,2162.0,89.0,328.0,51.0,1344.0,0.0,15.0,682.0
2020-03-19,0.0,13.0,18.0,31.0,113.0,367.0,22.0,3.0,0.0,309.0,0.0,249.0,143.0,0.0,54.0,9.0,230.0,109.0,13.0,88.0,60.0,64.0,1846.0,2993.0,4.0,38.0,84.0,1046.0,265.0,123.0,5322.0,35.0,9.0,6.0,110.0,46.0,19.0,14.0,409.0,0.0,196.0,9.0,155.0,23.0,89.0,15.0,104.0,337.0,8.0,17.0,52.0,103.0,20.0,32.0,34.0,152.0,4053.0,160.0,1047.0,94.0,5967.0,2.0,27.0,74.0
2020-03-20,2.0,3.0,31.0,21.0,110.0,375.0,7.0,3.0,18.0,462.0,3.0,172.0,143.0,196.0,94.0,26.0,139.0,112.0,38.0,168.0,29.0,50.0,1788.0,4528.0,5.0,50.0,58.0,1237.0,126.0,102.0,5986.0,39.0,5.0,11.0,130.0,39.0,17.0,14.0,536.0,4.0,168.0,0.0,47.0,28.0,0.0,13.0,70.0,235.0,10.0,31.0,54.0,70.0,32.0,40.0,52.0,87.0,2447.0,200.0,1219.0,167.0,5526.0,13.0,0.0,1298.0
2020-03-21,0.0,49.0,30.0,24.0,280.0,426.0,20.0,5.0,7.0,558.0,4.0,228.0,334.0,103.0,55.0,68.0,162.0,83.0,40.0,139.0,9.0,73.0,1705.0,2365.0,3.0,86.0,81.0,966.0,102.0,183.0,6557.0,44.0,4.0,17.0,153.0,48.0,14.0,19.0,637.0,10.0,204.0,4.0,229.0,63.0,84.0,77.0,111.0,260.0,11.0,59.0,53.0,48.0,36.0,47.0,38.0,147.0,4964.0,124.0,1281.0,311.0,6326.0,18.0,13.0,1053.0
2020-03-22,16.0,62.0,108.0,34.0,478.0,768.0,29.0,2.0,0.0,586.0,5.0,525.0,192.0,95.0,130.0,35.0,125.0,94.0,90.0,283.0,33.0,103.0,1780.0,2660.0,4.0,66.0,64.0,1028.0,121.0,171.0,5560.0,94.0,7.0,12.0,123.0,65.0,14.0,19.0,577.0,8.0,267.0,3.0,46.0,113.0,45.0,73.0,98.0,320.0,13.0,66.0,61.0,119.0,51.0,23.0,34.0,162.0,3394.0,171.0,899.0,566.0,7680.0,26.0,0.0,678.0
2020-03-23,0.0,29.0,35.0,41.0,133.0,892.0,43.0,6.0,5.0,342.0,3.0,378.0,619.0,114.0,63.0,46.0,116.0,58.0,43.0,192.0,39.0,74.0,3880.0,4183.0,4.0,103.0,65.0,1411.0,219.0,188.0,4789.0,27.0,2.0,1.0,212.0,51.0,15.0,28.0,547.0,10.0,236.0,11.0,99.0,32.0,32.0,82.0,115.0,460.0,7.0,143.0,71.0,51.0,27.0,54.0,128.0,0.0,6368.0,112.0,1321.0,293.0,10582.0,0.0,45.0,981.0
2020-03-24,34.0,34.0,86.0,14.0,362.0,809.0,15.0,6.0,0.0,526.0,2.0,323.0,702.0,176.0,93.0,101.0,158.0,146.0,67.0,101.0,36.0,92.0,2499.0,3930.0,26.0,37.0,107.0,1762.0,204.0,167.0,5249.0,65.0,10.0,2.0,106.0,38.0,16.0,27.0,816.0,4.0,242.0,18.0,97.0,0.0,21.0,90.0,152.0,302.0,25.0,218.0,57.0,205.0,54.0,49.0,152.0,76.0,4749.0,240.0,1082.0,343.0,10063.0,24.0,50.0,1438.0
2020-03-25,10.0,38.0,0.0,16.0,320.0,305.0,27.0,0.0,5.0,668.0,3.0,307.0,461.0,220.0,70.0,92.0,260.0,144.0,80.0,91.0,54.0,88.0,2978.0,4337.0,40.0,121.0,104.0,2206.0,235.0,1131.0,5210.0,114.0,9.0,4.0,172.0,70.0,24.0,55.0,858.0,7.0,221.0,15.0,91.0,98.0,64.0,84.0,150.0,633.0,11.0,112.0,163.0,133.0,81.0,73.0,155.0,100.0,9630.0,240.0,1020.0,561.0,11919.0,48.0,85.0,1476.0
2020-03-26,10.0,65.0,115.0,25.0,446.0,1321.0,39.0,5.0,0.0,1298.0,11.0,431.0,791.0,164.0,121.0,21.0,271.0,161.0,96.0,230.0,39.0,78.0,3951.0,6615.0,39.0,70.0,103.0,2389.0,255.0,324.0,6203.0,80.0,30.0,13.0,235.0,110.0,28.0,50.0,1030.0,14.0,285.0,10.0,138.0,115.0,100.0,71.0,170.0,549.0,12.0,123.0,182.0,112.0,0.0,52.0,218.0,104.0,8271.0,314.0,914.0,1196.0,17992.0,51.0,0.0,2172.0
2020-03-27,16.0,42.0,87.0,39.0,333.0,748.0,8.0,4.0,8.0,1049.0,18.0,432.0,640.0,304.0,115.0,48.0,354.0,177.0,93.0,192.0,41.0,83.0,3851.0,6933.0,5.0,160.0,153.0,2926.0,302.0,342.0,5909.0,81.0,39.0,17.0,130.0,132.0,22.0,70.0,1179.0,5.0,386.0,22.0,172.0,116.0,55.0,96.0,168.0,724.0,13.0,263.0,196.0,92.0,73.0,49.0,243.0,91.0,7933.0,229.0,1117.0,2069.0,18126.0,114.0,72.0,2933.0
2020-03-28,0.0,45.0,101.0,78.0,497.0,614.0,10.0,0.0,0.0,1850.0,13.0,487.0,894.0,299.0,102.0,69.0,352.0,166.0,138.0,228.0,40.0,126.0,4703.0,6824.0,4.0,100.0,109.0,3076.0,294.0,584.0,5974.0,225.0,78.0,10.0,159.0,131.0,32.0,57.0,1172.0,19.0,260.0,21.0,122.0,112.0,36.0,272.0,249.0,902.0,28.0,160.0,228.0,99.0,202.0,70.0,17.0,146.0,7516.0,378.0,1148.0,1704.0,19824.0,46.0,63.0,2567.0
2020-03-29,10.0,57.0,55.0,17.0,344.0,517.0,23.0,0.0,0.0,1702.0,7.0,352.0,704.0,230.0,123.0,94.0,186.0,198.0,140.0,101.0,33.0,73.0,2603.0,4400.0,11.0,37.0,130.0,2901.0,200.0,628.0,5217.0,173.0,56.0,20.0,150.0,145.0,32.0,77.0,1111.0,22.0,269.0,15.0,102.0,115.0,181.0,343.0,224.0,792.0,44.0,363.0,270.0,96.0,82.0,42.0,93.0,105.0,6875.0,253.0,753.0,1815.0,19124.0,119.0,102.0,2468.0
2020-03-30,50.0,73.0,75.0,58.0,377.0,830.0,16.0,1.0,58.0,1063.0,16.0,323.0,1118.0,310.0,76.0,96.0,184.0,191.0,42.0,38.0,47.0,112.0,4462.0,4790.0,0.0,227.0,129.0,3186.0,295.0,448.0,4050.0,0.0,18.0,11.0,156.0,101.0,35.0,77.0,887.0,20.0,161.0,12.0,120.0,88.0,98.0,128.0,193.0,446.0,59.0,294.0,302.0,154.0,44.0,35.0,46.0,78.0,7846.0,328.0,1093.0,1610.0,21237.0,73.0,41.0,2673.0
2020-03-31,4.0,132.0,234.0,50.0,198.0,562.0,52.0,2.0,0.0,876.0,10.0,1138.0,1129.0,289.0,81.0,108.0,307.0,284.0,208.0,278.0,54.0,66.0,7657.0,4923.0,9.0,146.0,114.0,3110.0,325.0,663.0,4053.0,87.0,41.0,23.0,140.0,121.0,55.0,61.0,850.0,4.0,196.0,13.0,221.0,192.0,115.0,538.0,256.0,1035.0,88.0,136.0,501.0,110.0,115.0,47.0,27.0,125.0,7967.0,407.0,683.0,2704.0,26025.0,97.0,53.0,3028.0
2020-04-01,63.0,131.0,0.0,39.0,303.0,531.0,2.0,3.0,11.0,1189.0,8.0,1119.0,1033.0,293.0,82.0,159.0,200.0,251.0,175.0,508.0,69.0,28.0,4922.0,6064.0,34.0,601.0,149.0,2988.0,212.0,734.0,4782.0,225.0,37.0,28.0,142.0,163.0,70.0,37.0,1029.0,39.0,222.0,18.0,180.0,0.0,258.0,227.0,243.0,808.0,54.0,215.0,440.0,157.0,160.0,74.0,27.0,101.0,8195.0,512.0,1163.0,2148.0,25430.0,149.0,150.0,4384.0
2020-04-02,36.0,139.0,79.0,92.0,254.0,418.0,74.0,2.0,141.0,1384.0,8.0,1208.0,1724.0,373.0,71.0,96.0,350.0,283.0,96.0,415.0,86.0,72.0,2180.0,6922.0,9.0,545.0,113.0,2875.0,402.0,765.0,4668.0,317.0,55.0,25.0,208.0,132.0,82.0,54.0,1090.0,10.0,284.0,21.0,303.0,136.0,91.0,322.0,392.0,783.0,114.0,278.0,771.0,165.0,111.0,49.0,82.0,89.0,7947.0,621.0,1059.0,2456.0,30406.0,103.0,210.0,4308.0
2020-04-03,8.0,185.0,132.0,73.0,214.0,395.0,29.0,5.0,47.0,1422.0,9.0,1012.0,1153.0,333.0,79.0,106.0,233.0,373.0,108.0,205.0,120.0,97.0,5273.0,6365.0,1.0,24.0,196.0,2715.0,424.0,571.0,4585.0,122.0,29.0,75.0,217.0,178.0,86.0,83.0,1033.0,26.0,223.0,21.0,265.0,158.0,181.0,385.0,437.0,852.0,126.0,445.0,601.0,154.0,305.0,65.0,43.0,86.0,7134.0,563.0,779.0,2786.0,31790.0,175.0,240.0,4516.0
2020-04-04,18.0,80.0,186.0,34.0,220.0,257.0,16.0,9.0,89.0,1661.0,7.0,1304.0,541.0,424.0,32.0,139.0,381.0,323.0,0.0,97.0,85.0,267.0,4298.0,4933.0,0.0,515.0,106.0,2560.0,331.0,423.0,4805.0,522.0,67.0,62.0,150.0,202.0,161.0,128.0,906.0,4.0,180.0,25.0,132.0,198.0,151.0,76.0,244.0,638.0,250.0,430.0,582.0,140.0,148.0,75.0,80.0,94.0,6969.0,312.0,899.0,3013.0,33229.0,153.0,241.0,3788.0
2020-04-05,50.0,69.0,0.0,52.0,137.0,270.0,12.0,18.0,122.0,1260.0,18.0,770.0,2778.0,310.0,59.0,79.0,115.0,292.0,257.0,181.0,103.0,45.0,1912.0,4031.0,9.0,506.0,181.0,2483.0,390.0,579.0,4316.0,0.0,53.0,77.0,179.0,253.0,112.0,102.0,1226.0,18.0,137.0,21.0,339.0,128.0,535.0,152.0,475.0,754.0,279.0,251.0,658.0,223.0,284.0,120.0,70.0,81.0,5478.0,387.0,595.0,3135.0,27775.0,83.0,294.0,5959.0
2020-04-06,18.0,103.0,103.0,11.0,110.0,246.0,56.0,35.0,138.0,1123.0,26.0,1031.0,807.0,344.0,63.0,94.0,235.0,314.0,83.0,101.0,149.0,249.0,3931.0,3251.0,0.0,1190.0,218.0,2274.0,370.0,474.0,3599.0,515.0,78.0,109.0,131.0,296.0,101.0,99.0,973.0,6.0,178.0,33.0,609.0,187.0,280.0,414.0,311.0,452.0,228.0,193.0,954.0,203.0,292.0,66.0,31.0,47.0,5029.0,376.0,557.0,3148.0,29515.0,11.0,277.0,3843.0
2020-04-07,56.0,45.0,74.0,20.0,98.0,342.0,55.0,41.0,161.0,1380.0,11.0,1873.0,1309.0,301.0,53.0,201.0,195.0,391.0,128.0,0.0,128.0,132.0,3820.0,4289.0,73.0,533.0,247.0,2089.0,345.0,344.0,3039.0,252.0,35.0,78.0,170.0,346.0,91.0,64.0,783.0,16.0,221.0,40.0,269.0,112.0,393.0,104.0,435.0,712.0,225.0,360.0,1154.0,190.0,247.0,106.0,63.0,47.0,5267.0,487.0,596.0,3892.0,30804.0,143.0,283.0,3670.0
2020-04-08,21.0,104.0,87.0,28.0,115.0,303.0,12.0,54.0,205.0,1209.0,16.0,2136.0,1269.0,430.0,91.0,274.0,295.0,331.0,155.0,703.0,110.0,179.0,3894.0,5633.0,26.0,605.0,218.0,1997.0,365.0,156.0,3836.0,351.0,30.0,112.0,156.0,396.0,118.0,91.0,973.0,22.0,0.0,48.0,228.0,149.0,1388.0,106.0,357.0,699.0,153.0,344.0,1175.0,137.0,219.0,142.0,96.0,53.0,6278.0,726.0,1027.0,4117.0,31533.0,206.0,300.0,5525.0
2020-04-09,40.0,94.0,80.0,40.0,98.0,302.0,64.0,112.0,420.0,1580.0,54.0,1922.0,1513.0,426.0,74.0,169.0,257.0,233.0,238.0,515.0,139.0,118.0,4309.0,4885.0,65.0,809.0,337.0,1634.0,500.0,564.0,4204.0,410.0,54.0,55.0,109.0,260.0,115.0,99.0,1221.0,12.0,125.0,38.0,226.0,279.0,914.0,206.0,370.0,815.0,166.0,441.0,1459.0,355.0,201.0,287.0,89.0,39.0,5002.0,722.0,771.0,4056.0,34673.0,224.0,331.0,4398.0
2020-04-10,37.0,95.0,180.0,16.0,107.0,311.0,38.0,94.0,495.0,1684.0,4.0,1546.0,1405.0,529.0,58.0,250.0,163.0,184.0,271.0,2196.0,95.0,164.0,4372.0,3990.0,0.0,873.0,219.0,1972.0,1515.0,440.0,3951.0,863.0,31.0,83.0,118.0,403.0,149.0,74.0,1346.0,17.0,103.0,27.0,206.0,224.0,641.0,119.0,380.0,1516.0,136.0,265.0,1786.0,364.0,238.0,198.0,69.0,27.0,5051.0,544.0,500.0,4747.0,33519.0,311.0,370.0,8733.0
2020-04-11,34.0,64.0,0.0,30.0,88.0,251.0,115.0,58.0,245.0,1351.0,7.0,1089.0,1257.0,426.0,73.0,236.0,99.0,177.0,139.0,96.0,145.0,136.0,3125.0,2737.0,30.0,848.0,330.0,1837.0,839.0,335.0,4694.0,475.0,53.0,161.0,184.0,375.0,122.0,97.0,1322.0,13.0,95.0,62.0,316.0,222.0,951.0,233.0,401.0,515.0,216.0,523.0,1667.0,382.0,275.0,191.0,25.0,30.0,4754.0,466.0,556.0,5138.0,29930.0,308.0,376.0,5269.0
2020-04-12,52.0,89.0,167.0,46.0,12.0,139.0,96.0,139.0,352.0,1629.0,25.0,1465.0,983.0,286.0,120.0,67.0,160.0,178.0,208.0,209.0,126.0,69.0,26849.0,2946.0,158.0,759.0,399.0,1657.0,727.0,402.0,4092.0,743.0,86.0,80.0,153.0,442.0,102.0,116.0,1174.0,5.0,116.0,53.0,219.0,260.0,671.0,220.0,318.0,598.0,251.0,310.0,2186.0,429.0,250.0,233.0,145.0,32.0,3804.0,332.0,308.0,4789.0,28537.0,266.0,387.0,5332.0
2020-04-13,58.0,69.0,66.0,26.0,36.0,96.0,225.0,182.0,341.0,942.0,30.0,1238.0,1381.0,312.0,79.0,76.0,68.0,144.0,200.0,63.0,125.0,90.0,3682.0,2218.0,0.0,1248.0,316.0,1617.0,992.0,441.0,3153.0,622.0,140.0,66.0,134.0,353.0,50.0,102.0,964.0,20.0,78.0,128.0,266.0,166.0,2265.0,284.0,260.0,349.0,252.0,333.0,2558.0,472.0,424.0,386.0,99.0,25.0,3268.0,465.0,273.0,4093.0,25311.0,325.0,398.0,4364.0
2020-04-14,49.0,87.0,69.0,28.0,64.0,185.0,167.0,209.0,362.0,530.0,24.0,1832.0,1355.0,392.0,93.0,127.0,52.0,193.0,119.0,74.0,160.0,97.0,4971.0,1287.0,70.0,1034.0,282.0,1574.0,832.0,460.0,2972.0,275.0,141.0,55.0,170.0,385.0,222.0,125.0,870.0,30.0,20.0,86.0,341.0,72.0,519.0,291.0,268.0,514.0,197.0,246.0,2774.0,435.0,411.0,334.0,143.0,27.0,2442.0,497.0,248.0,4062.0,27046.0,270.0,412.0,5275.0
2020-04-15,70.0,90.0,166.0,44.0,25.0,110.0,143.0,219.0,447.0,2454.0,43.0,3058.0,1174.0,356.0,50.0,126.0,105.0,170.0,328.0,255.0,155.0,76.0,3220.0,3394.0,0.0,835.0,297.0,1512.0,1068.0,455.0,2667.0,455.0,63.0,50.0,85.0,448.0,115.0,136.0,736.0,34.0,117.0,97.0,546.0,102.0,1172.0,230.0,380.0,643.0,283.0,337.0,3388.0,493.0,408.0,447.0,91.0,27.0,5103.0,482.0,400.0,4281.0,29004.0,392.0,432.0,4638.0
2020-04-16,56.0,108.0,128.0,48.0,22.0,140.0,29.0,341.0,476.0,1236.0,44.0,2105.0,2600.0,534.0,47.0,128.0,217.0,198.0,141.0,367.0,168.0,132.0,12490.0,2945.0,5.0,1108.0,380.0,1606.0,724.0,257.0,3786.0,526.0,107.0,119.0,110.0,450.0,105.0,259.0,1067.0,35.0,156.0,109.0,536.0,177.0,1016.0,207.0,336.0,750.0,392.0,491.0,3448.0,518.0,445.0,728.0,99.0,22.0,7304.0,613.0,396.0,4801.0,31307.0,397.0,460.0,4662.0
2020-04-17,66.0,150.0,98.0,42.0,60.0,119.0,40.0,266.0,575.0,1329.0,24.0,3257.0,2005.0,445.0,357.0,206.0,116.0,194.0,371.0,225.0,171.0,120.0,2009.0,3699.0,0.0,922.0,407.0,1499.0,709.0,224.0,3493.0,1161.0,144.0,134.0,69.0,578.0,110.0,281.0,1236.0,51.0,41.0,50.0,106.0,265.0,998.0,218.0,461.0,181.0,560.0,360.0,4070.0,762.0,372.0,623.0,178.0,22.0,5891.0,676.0,346.0,4353.0,32081.0,501.0,477.0,5624.0
2020-04-18,27.0,116.0,89.0,47.0,46.0,76.0,33.0,306.0,0.0,1045.0,28.0,2976.0,1542.0,478.0,27.0,0.0,57.0,169.0,209.0,572.0,188.0,192.0,2.0,1945.0,193.0,1370.0,325.0,1374.0,778.0,283.0,3491.0,509.0,69.0,93.0,54.0,622.0,114.0,121.0,1147.0,49.0,99.0,111.0,613.0,194.0,931.0,209.0,363.0,663.0,345.0,351.0,4785.0,1132.0,304.0,942.0,251.0,18.0,887.0,606.0,326.0,3783.0,32528.0,444.0,0.0,5545.0
2020-04-19,63.0,95.0,81.0,43.0,42.0,78.0,108.0,312.0,0.0,1313.0,27.0,1996.0,1277.0,358.0,18.0,353.0,140.0,143.0,345.0,446.0,112.0,102.0,4925.0,1842.0,208.0,1893.0,327.0,1343.0,493.0,226.0,3047.0,501.0,61.0,164.0,84.0,764.0,94.0,170.0,1070.0,85.0,42.0,86.0,710.0,63.0,1208.0,172.0,545.0,521.0,440.0,328.0,6060.0,1088.0,324.0,596.0,124.0,8.0,6948.0,563.0,336.0,3977.0,26219.0,343.0,479.0,5858.0
2020-04-20,30.0,89.0,102.0,48.0,13.0,46.0,26.0,492.0,1485.0,1487.0,44.0,2089.0,2025.0,419.0,12.0,185.0,154.0,131.0,284.0,660.0,189.0,85.0,2382.0,1881.0,0.0,924.0,185.0,1294.0,401.0,222.0,2256.0,0.0,176.0,80.0,36.0,511.0,76.0,191.0,750.0,38.0,78.0,144.0,70.0,194.0,697.0,200.0,306.0,657.0,567.0,190.0,4268.0,1122.0,312.0,1426.0,142.0,13.0,1536.0,392.0,204.0,4674.0,25899.0,261.0,484.0,4684.0
2020-04-21,66.0,93.0,90.0,62.0,22.0,78.0,66.0,434.0,459.0,973.0,34.0,2336.0,1744.0,325.0,36.0,172.0,133.0,180.0,80.0,270.0,157.0,146.0,2775.0,1226.0,0.0,1541.0,375.0,1297.0,388.0,229.0,2729.0,338.0,143.0,85.0,57.0,729.0,66.0,163.0,729.0,0.0,35.0,98.0,1147.0,191.0,1512.0,140.0,263.0,516.0,518.0,306.0,5642.0,1147.0,260.0,1111.0,165.0,9.0,3968.0,545.0,119.0,4611.0,27157.0,415.0,490.0,4316.0
2020-04-22,84.0,99.0,113.0,72.0,7.0,52.0,54.0,390.0,558.0,933.0,11.0,2678.0,2261.0,464.0,15.0,207.0,99.0,217.0,256.0,452.0,169.0,115.0,-2188.0,2357.0,112.0,1290.0,283.0,1194.0,631.0,556.0,3370.0,377.0,140.0,168.0,50.0,1043.0,164.0,237.0,715.0,208.0,147.0,106.0,511.0,163.0,1413.0,111.0,313.0,603.0,608.0,468.0,5236.0,1141.0,254.0,1016.0,170.0,11.0,4211.0,682.0,205.0,3083.0,28486.0,467.0,483.0,4466.0
2020-04-23,103.0,97.0,291.0,50.0,10.0,77.0,190.0,414.0,741.0,908.0,94.0,4279.0,1636.0,516.0,16.0,205.0,55.0,163.0,243.0,333.0,232.0,155.0,2323.0,2481.0,0.0,1707.0,357.0,1030.0,936.0,305.0,2646.0,856.0,154.0,151.0,71.0,1089.0,148.0,122.0,889.0,108.0,63.0,102.0,1079.0,345.0,1664.0,271.0,342.0,371.0,623.0,386.0,4774.0,1158.0,132.0,1037.0,318.0,14.0,4635.0,751.0,228.0,3116.0,28819.0,578.0,518.0,4608.0
2020-04-24,72.0,120.0,172.0,73.0,15.0,69.0,301.0,503.0,751.0,1496.0,104.0,4007.0,1620.0,494.0,15.0,320.0,86.0,137.0,206.0,11536.0,201.0,111.0,1649.0,1870.0,125.0,1453.0,436.0,1168.0,577.0,255.0,3021.0,461.0,193.0,215.0,88.0,1239.0,184.0,190.0,808.0,114.0,62.0,74.0,785.0,172.0,734.0,211.0,381.0,444.0,761.0,321.0,5849.0,1172.0,207.0,897.0,267.0,10.0,-10034.0,812.0,181.0,3122.0,36188.0,477.0,525.0,5394.0
2020-04-25,112.0,129.0,173.0,81.0,17.0,77.0,70.0,309.0,817.0,1032.0,59.0,5281.0,1452.0,552.0,10.0,261.0,79.0,235.0,177.0,0.0,227.0,80.0,1692.0,1514.0,0.0,1753.0,396.0,1134.0,377.0,240.0,2357.0,402.0,119.0,278.0,51.0,970.0,194.0,139.0,655.0,87.0,36.0,115.0,783.0,200.0,3683.0,102.0,381.0,595.0,833.0,218.0,5966.0,1197.0,296.0,618.0,141.0,10.0,2915.0,610.0,217.0,2861.0,32796.0,478.0,532.0,4929.0
2020-04-26,68.0,126.0,112.0,69.0,20.0,77.0,59.0,418.0,873.0,809.0,84.0,3776.0,1662.0,473.0,3.0,237.0,52.0,130.0,209.0,0.0,215.0,101.0,576.0,1257.0,271.0,1607.0,275.0,1153.0,701.0,145.0,2324.0,210.0,116.0,183.0,38.0,835.0,104.0,168.0,656.0,91.0,28.0,93.0,605.0,241.0,2186.0,285.0,344.0,472.0,929.0,401.0,6361.0,1223.0,263.0,931.0,185.0,10.0,1729.0,463.0,167.0,2357.0,27631.0,492.0,536.0,4468.0
2020-04-27,172.0,135.0,111.0,62.0,7.0,49.0,76.0,497.0,826.0,553.0,64.0,4346.0,1583.0,482.0,6.0,218.0,41.0,123.0,158.0,521.0,248.0,119.0,3743.0,988.0,0.0,1561.0,214.0,991.0,386.0,112.0,1739.0,712.0,118.0,213.0,40.0,852.0,73.0,55.0,400.0,64.0,72.0,51.0,587.0,242.0,1182.0,198.0,285.0,163.0,957.0,303.0,6198.0,1289.0,233.0,799.0,247.0,14.0,1831.0,286.0,103.0,2131.0,22412.0,392.0,490.0,4311.0
2020-04-28,125.0,132.0,124.0,59.0,23.0,83.0,88.0,549.0,919.0,647.0,39.0,5789.0,1534.0,552.0,22.0,352.0,59.0,153.0,123.0,1018.0,260.0,45.0,3090.0,1154.0,121.0,1873.0,415.0,1112.0,229.0,173.0,2091.0,-417.0,192.0,152.0,31.0,1223.0,157.0,132.0,172.0,195.0,61.0,82.0,697.0,0.0,2491.0,181.0,316.0,295.0,677.0,277.0,6411.0,1266.0,222.0,528.0,203.0,9.0,1308.0,695.0,100.0,2392.0,24385.0,401.0,541.0,4002.0
2020-04-29,111.0,199.0,158.0,65.0,8.0,45.0,110.0,641.0,973.0,525.0,57.0,6450.0,1715.0,520.0,4.0,258.0,75.0,157.0,236.0,417.0,226.0,166.0,-2510.0,1627.0,0.0,1738.0,260.0,1073.0,376.0,106.0,2086.0,159.0,111.0,300.0,94.0,1047.0,133.0,69.0,386.0,196.0,50.0,143.0,913.0,357.0,2741.0,254.0,422.0,183.0,643.0,362.0,5841.0,1325.0,227.0,690.0,354.0,4.0,2144.0,681.0,143.0,2936.0,27327.0,456.0,549.0,4091.0
2020-04-30,232.0,158.0,143.0,134.0,14.0,50.0,119.0,564.0,846.0,660.0,57.0,7502.0,1592.0,1138.0,12.0,300.0,103.0,150.0,320.0,259.0,269.0,89.0,756.0,1470.0,403.0,1801.0,347.0,983.0,359.0,112.0,1872.0,193.0,264.0,284.0,57.0,1425.0,126.0,102.0,514.0,204.0,28.0,74.0,1292.0,154.0,3045.0,276.0,237.0,540.0,845.0,262.0,7099.0,1351.0,285.0,528.0,297.0,9.0,518.0,790.0,179.0,2615.0,29515.0,540.0,552.0,6040.0
2020-05-01,164.0,148.0,104.0,82.0,12.0,79.0,130.0,571.0,890.0,513.0,62.0,5015.0,1886.0,985.0,3.0,499.0,55.0,153.0,316.0,1402.0,358.0,56.0,6.0,1068.0,0.0,2394.0,433.0,1006.0,221.0,155.0,1965.0,217.0,195.0,353.0,69.0,1515.0,83.0,146.0,476.0,238.0,45.0,99.0,1297.0,188.0,3483.0,284.0,228.0,306.0,687.0,327.0,7933.0,1344.0,0.0,932.0,304.0,6.0,1781.0,428.0,119.0,2188.0,34037.0,455.0,557.0,6204.0
2020-05-02,134.0,141.0,149.0,125.0,21.0,27.0,114.0,552.0,911.0,485.0,241.0,4898.0,1583.0,1427.0,0.0,279.0,18.0,96.0,290.0,1128.0,298.0,125.0,1213.0,890.0,95.0,2442.0,292.0,802.0,343.0,84.0,1900.0,266.0,260.0,242.0,105.0,1349.0,72.0,160.0,445.0,218.0,26.0,36.0,989.0,370.0,2075.0,156.0,270.0,-161.0,776.0,165.0,9623.0,1362.0,353.0,447.0,385.0,13.0,1366.0,562.0,112.0,1983.0,29078.0,550.0,561.0,4815.0
2020-05-03,235.0,179.0,102.0,113.0,23.0,39.0,99.0,665.0,877.0,389.0,124.0,4726.0,2578.0,1228.0,5.0,383.0,26.0,116.0,376.0,2074.0,272.0,78.0,407.0,697.0,0.0,2806.0,349.0,976.0,330.0,23.0,1389.0,306.0,63.0,364.0,122.0,1383.0,69.0,174.0,335.0,170.0,38.0,85.0,981.0,0.0,3394.0,295.0,318.0,92.0,679.0,431.0,10633.0,1552.0,102.0,657.0,447.0,8.0,884.0,235.0,88.0,1670.0,25501.0,502.0,564.0,4342.0
2020-05-04,190.0,174.0,104.0,121.0,25.0,24.0,150.0,688.0,784.0,361.0,87.0,6794.0,1453.0,980.0,2.0,305.0,38.0,147.0,281.0,2343.0,348.0,73.0,658.0,488.0,550.0,3932.0,395.0,1223.0,266.0,38.0,1221.0,201.0,129.0,295.0,55.0,1434.0,127.0,150.0,199.0,244.0,57.0,69.0,857.0,107.0,1444.0,262.0,313.0,242.0,640.0,349.0,10581.0,1645.0,93.0,573.0,437.0,3.0,545.0,404.0,76.0,1614.0,22335.0,418.0,567.0,3990.0
2020-05-05,330.0,190.0,133.0,112.0,28.0,29.0,187.0,786.0,861.0,242.0,121.0,6835.0,1258.0,1373.0,2.0,640.0,77.0,151.0,245.0,0.0,388.0,85.0,1104.0,855.0,0.0,2963.0,484.0,1323.0,211.0,43.0,1075.0,175.0,156.0,526.0,30.0,1120.0,115.0,166.0,318.0,148.0,51.0,98.0,1108.0,326.0,3817.0,199.0,425.0,178.0,951.0,325.0,10102.0,1595.0,120.0,632.0,352.0,2.0,1318.0,495.0,28.0,1832.0,23976.0,366.0,462.0,4411.0
2020-05-06,168.0,159.0,188.0,163.0,19.0,34.0,214.0,790.0,905.0,272.0,84.0,11156.0,1479.0,1032.0,2.0,346.0,78.0,117.0,327.0,0.0,387.0,161.0,3537.0,1155.0,372.0,3587.0,367.0,1680.0,265.0,21.0,1444.0,0.0,217.0,485.0,45.0,1609.0,113.0,189.0,232.0,195.0,41.0,168.0,2024.0,208.0,3628.0,320.0,309.0,480.0,830.0,270.0,10559.0,1687.0,114.0,788.0,236.0,4.0,996.0,702.0,51.0,2253.0,24980.0,487.0,546.0,6116.0
2020-05-07,171.0,185.0,163.0,102.0,19.0,68.0,265.0,706.0,913.0,639.0,195.0,9162.0,1507.0,1533.0,5.0,497.0,57.0,145.0,288.0,-1583.0,393.0,100.0,694.0,1268.0,0.0,3364.0,338.0,1485.0,137.0,71.0,1401.0,224.0,156.0,278.0,39.0,1982.0,129.0,140.0,455.0,381.0,38.0,55.0,571.0,137.0,3709.0,339.0,307.0,533.0,918.0,392.0,11231.0,1793.0,57.0,741.0,424.0,12.0,1122.0,705.0,66.0,1977.0,27692.0,507.0,502.0,5618.0
2020-05-08,215.0,187.0,240.0,145.0,5.0,22.0,245.0,709.0,933.0,591.0,185.0,11121.0,1473.0,1391.0,1.0,595.0,46.0,135.0,281.0,-1480.0,495.0,65.0,1284.0,1158.0,921.0,3344.0,336.0,1556.0,156.0,55.0,1327.0,98.0,256.0,641.0,68.0,1906.0,123.0,163.0,319.0,386.0,36.0,154.0,1791.0,202.0,3321.0,120.0,319.0,553.0,1311.0,312.0,10699.0,1701.0,95.0,768.0,663.0,18.0,1410.0,642.0,81.0,1848.0,26906.0,504.0,553.0,4652.0
2020-05-09,255.0,189.0,165.0,146.0,21.0,59.0,330.0,636.0,951.0,585.0,171.0,9167.0,1244.0,1247.0,14.0,444.0,18.0,101.0,506.0,253.0,488.0,142.0,580.0,736.0,251.0,3113.0,533.0,1529.0,219.0,18.0,1083.0,88.0,141.0,415.0,54.0,1938.0,139.0,199.0,289.0,239.0,29.0,112.0,2301.0,212.0,3168.0,147.0,285.0,138.0,1130.0,320.0,10817.0,1704.0,89.0,753.0,525.0,34.0,721.0,656.0,44.0,1546.0,25621.0,515.0,624.0,3896.0
2020-05-10,369.0,165.0,258.0,138.0,9.0,38.0,167.0,887.0,921.0,485.0,119.0,6638.0,1173.0,1647.0,20.0,568.0,28.0,110.0,465.0,488.0,436.0,82.0,312.0,555.0,0.0,4353.0,387.0,1383.0,236.0,23.0,802.0,114.0,115.0,1065.0,67.0,1562.0,60.0,153.0,245.0,248.0,6.0,175.0,1598.0,166.0,2292.0,184.0,345.0,175.0,1189.0,231.0,11012.0,1912.0,0.0,876.0,595.0,35.0,772.0,401.0,54.0,1542.0,19710.0,522.0,781.0,3924.0
2020-05-11,285.0,168.0,244.0,79.0,22.0,11.0,295.0,1034.0,933.0,368.0,275.0,6895.0,1173.0,1197.0,1.0,550.0,53.0,84.0,287.0,-50.0,346.0,22.0,453.0,697.0,437.0,3607.0,233.0,1683.0,139.0,29.0,744.0,70.0,117.0,598.0,70.0,1305.0,68.0,218.0,161.0,242.0,27.0,174.0,1747.0,168.0,1515.0,292.0,330.0,98.0,1103.0,226.0,11656.0,1966.0,144.0,486.0,637.0,27.0,3086.0,348.0,39.0,1114.0,18621.0,416.0,680.0,3883.0
2020-05-12,276.0,176.0,285.0,146.0,10.0,79.0,295.0,969.0,967.0,330.0,133.0,8620.0,1155.0,1658.0,7.0,659.0,45.0,78.0,266.0,910.0,347.0,19.0,802.0,595.0,427.0,3524.0,484.0,1481.0,107.0,23.0,1402.0,121.0,72.0,991.0,16.0,1997.0,159.0,137.0,196.0,146.0,25.0,148.0,2255.0,167.0,3237.0,264.0,595.0,234.0,1526.0,190.0,10899.0,1911.0,67.0,849.0,698.0,26.0,594.0,602.0,36.0,1704.0,21495.0,375.0,783.0,3409.0
2020-05-13,263.0,186.0,316.0,180.0,9.0,36.0,285.0,1162.0,952.0,202.0,184.0,11923.0,1149.0,2660.0,6.0,658.0,48.0,76.0,296.0,67.0,338.0,51.0,-165.0,927.0,281.0,3763.0,689.0,1958.0,159.0,19.0,888.0,81.0,138.0,751.0,37.0,1862.0,252.0,94.0,227.0,184.0,18.0,298.0,962.0,161.0,4247.0,268.0,283.0,219.0,1390.0,224.0,10028.0,1905.0,52.0,675.0,724.0,29.0,661.0,637.0,33.0,1639.0,21030.0,402.0,725.0,3244.0
2020-05-14,413.0,189.0,255.0,142.0,30.0,61.0,382.0,1041.0,947.0,307.0,224.0,13028.0,1213.0,2659.0,5.0,680.0,82.0,46.0,124.0,16.0,398.0,91.0,810.0,380.0,122.0,3942.0,568.0,1808.0,426.0,31.0,992.0,71.0,154.0,947.0,40.0,2409.0,147.0,95.0,270.0,191.0,21.0,322.0,490.0,174.0,4298.0,258.0,411.0,187.0,1733.0,245.0,9974.0,2039.0,79.0,752.0,665.0,27.0,849.0,673.0,50.0,1635.0,27368.0,422.0,698.0,3455.0
2020-05-15,414.0,187.0,345.0,184.0,16.0,51.0,385.0,1202.0,958.0,356.0,205.0,17126.0,1178.0,2502.0,9.0,606.0,55.0,78.0,419.0,965.0,399.0,83.0,636.0,755.0,108.0,3787.0,490.0,2102.0,129.0,10.0,789.0,83.0,118.0,885.0,36.0,2437.0,192.0,45.0,200.0,288.0,23.0,284.0,3011.0,150.0,3891.0,215.0,401.0,264.0,1153.0,190.0,10598.0,2307.0,64.0,793.0,785.0,19.0,643.0,625.0,51.0,1708.0,25050.0,483.0,747.0,3564.0
2020-05-16,349.0,192.0,326.0,239.0,9.0,92.0,164.0,930.0,951.0,345.0,249.0,13220.0,1247.0,1886.0,6.0,723.0,49.0,67.0,371.0,1296.0,491.0,58.0,0.0,519.0,97.0,4864.0,529.0,1757.0,92.0,19.0,875.0,34.0,161.0,942.0,17.0,2112.0,189.0,89.0,190.0,171.0,18.0,404.0,0.0,181.0,4046.0,214.0,241.0,227.0,1547.0,267.0,9200.0,2840.0,58.0,465.0,831.0,13.0,515.0,470.0,58.0,1610.0,24996.0,528.0,796.0,3457.0
2020-05-17,262.0,198.0,263.0,189.0,10.0,41.0,209.0,1273.0,969.0,291.0,262.0,7569.0,1126.0,2353.0,10.0,635.0,20.0,69.0,204.0,419.0,510.0,61.0,63.0,617.0,0.0,5050.0,489.0,1806.0,64.0,9.0,675.0,48.0,307.0,1048.0,22.0,2075.0,126.0,129.0,125.0,338.0,12.0,157.0,1352.0,157.0,3732.0,208.0,272.0,226.0,1632.0,167.0,9709.0,2736.0,114.0,682.0,1160.0,15.0,0.0,466.0,15.0,1368.0,18937.0,433.0,731.0,3534.0
2020-05-18,408.0,182.0,303.0,351.0,14.0,27.0,228.0,1602.0,922.0,279.0,175.0,14288.0,1079.0,2278.0,9.0,721.0,111.0,41.0,411.0,400.0,535.0,33.0,358.0,182.0,0.0,4630.0,496.0,2294.0,88.0,26.0,451.0,20.0,594.0,841.0,47.0,2414.0,78.0,82.0,146.0,216.0,8.0,193.0,1974.0,120.0,2660.0,205.0,356.0,173.0,1365.0,165.0,8926.0,2593.0,89.0,305.0,918.0,13.0,908.0,234.0,10.0,1158.0,21551.0,325.0,832.0,2714.0
2020-05-19,581.0,176.0,438.0,218.0,4.0,52.0,348.0,1251.0,936.0,232.0,218.0,16517.0,1082.0,3520.0,0.0,640.0,61.0,76.0,498.0,569.0,720.0,19.0,882.0,1227.0,361.0,6147.0,486.0,2111.0,51.0,16.0,813.0,62.0,0.0,1073.0,37.0,2713.0,202.0,71.0,108.0,226.0,10.0,292.0,1841.0,141.0,4550.0,224.0,383.0,223.0,1637.0,155.0,9263.0,2509.0,34.0,451.0,767.0,32.0,431.0,422.0,21.0,1022.0,20260.0,260.0,873.0,2429.0
2020-05-20,492.0,165.0,474.0,230.0,9.0,32.0,356.0,1617.0,918.0,192.0,438.0,19694.0,1082.0,4038.0,0.0,752.0,74.0,73.0,254.0,703.0,745.0,44.0,767.0,695.0,173.0,5553.0,693.0,2346.0,64.0,8.0,665.0,0.0,218.0,804.0,31.0,2248.0,213.0,110.0,198.0,276.0,14.0,372.0,1932.0,110.0,4537.0,279.0,471.0,228.0,1491.0,196.0,8764.0,2691.0,100.0,570.0,803.0,12.0,518.0,724.0,40.0,972.0,23285.0,354.0,941.0,-519.0
2020-05-21,531.0,186.0,648.0,335.0,14.0,51.0,286.0,1773.0,945.0,252.0,268.0,18508.0,1167.0,3964.0,0.0,643.0,33.0,65.0,180.0,452.0,774.0,50.0,251.0,548.0,0.0,6198.0,973.0,2392.0,76.0,16.0,642.0,57.0,265.0,1041.0,50.0,2973.0,151.0,78.0,253.0,339.0,28.0,327.0,2193.0,139.0,4749.0,213.0,404.0,252.0,1554.0,198.0,8849.0,2532.0,86.0,448.0,1134.0,20.0,482.0,649.0,36.0,961.0,25294.0,476.0,894.0,2627.0
